Fabrikant,Productlijn,Aantal producten
Medline,(geen productlijn),813
Medline,Medline Sensicare,23
Medline,Medline Med-Soft,6
Medline,Medline Easybath,6
Medline,Medline Generation Pink,6
Medline,Medline Mediguard,5
Medline,Medline Med-Rigid,3
Medline,Medline Voldyne,2
Medline,Medline Dry Patient,2
Medline,Medline Med-Gel,1
Medline,Medline Ultrasorbs,1
Hartmann,(geen productlijn),392
Hartmann,Hartmann Molicare,48
Hartmann,Hartmann Foliodrape,32
Hartmann,Hartmann Dermaplast,24
Hartmann,Hartmann Cosmopor,21
Hartmann,Hartmann RespoSorb,18
Hartmann,Hartmann Foliodress,12
Hartmann,Hartmann Atrauman,11
Hartmann,Hartmann Permafoam,10
Hartmann,Hartmann Hydrotac,10
Hartmann,Hartmann Safix Plus,10
Hartmann,Hartmann Sterilux ES,10
Hartmann,Hartmann Hydrocoll,10
Hartmann,Hartmann Telacomp,9
Hartmann,Hartmann HydroClean,8
Hartmann,Hartmann Pagasling,7
Hartmann,Hartmann Baktolin,6
Hartmann,Hartmann Peha,6
Hartmann,Hartmann Zetuvit,6
Hartmann,Hartmann Bacillol,5
Hartmann,Hartmann Telaprep,5
Hartmann,Hartmann Telasling,5
Hartmann,Hartmann Sterillium,5
Hartmann,Hartmann Grassolind,5
Hartmann,Hartmann Coverflex,4
Hartmann,Hartmann Medicomp,3
Hartmann,Hartmann Stülpa,3
Hartmann,Hartmann Pehazell,3
Hartmann,Hartmann Molinea,3
Hartmann,Hartmann Valaprotect,2
Hartmann,Hartmann Verba T,2
Hartmann,Hartmann Samu,2
Hartmann,Hartmann Idealbinden,2
Hartmann,Hartmann Cutasept F,2
Hartmann,Hartmann Varolast,1
Hartmann,Hartmann Rolta Soft,1
Hartmann,Hartmann Pur-Zellin,1
Hartmann,Hartmann Eycopad,1
Hartmann,Hartmann Vala Comfort,1
Hartmann,Hartmann Hydrofilm,1
Hartmann,Hartmann Hydrosorb,1
Hartmann,Hartmann Idealast,1
Hartmann,Hartmann Baktolin|Hartmann,1
Hartmann,Hartmann Hospicrepe,1
BSN Medical Solutions,(geen productlijn),293
BSN Medical Solutions,BSN Comprinet,26
BSN Medical Solutions,BSN Elastomull,25
BSN Medical Solutions,BSN Leukoplast,24
BSN Medical Solutions,BSN Cutimed,15
BSN Medical Solutions,BSN Tensogrip,13
BSN Medical Solutions,BSN Idealbinde,8
BSN Medical Solutions,BSN Leukopor,8
BSN Medical Solutions,BSN Hansaplast,7
BSN Medical Solutions,BSN Leukotape,7
BSN Medical Solutions,BSN Leukosilk,7
BSN Medical Solutions,BSN Leukofix,7
BSN Medical Solutions,BSN Optiplaste-C,6
BSN Medical Solutions,BSN Acrylastic,6
BSN Medical Solutions,BSN Cuticell,5
BSN Medical Solutions,BSN Tensofast,5
BSN Medical Solutions,BSN Artiflex,5
BSN Medical Solutions,BSN Comprilan,5
BSN Medical Solutions,BSN Gazofix,5
BSN Medical Solutions,BSN Elodur Forte,5
BSN Medical Solutions,BSN Elastofix,4
BSN Medical Solutions,BSN Tensoplast,4
BSN Medical Solutions,BSN Tricoplast,4
BSN Medical Solutions,BSN Strappal,4
BSN Medical Solutions,BSN Compridur,4
BSN Medical Solutions,BSN Optiplaste-E,3
BSN Medical Solutions,BSN Actimove,3
BSN Medical Solutions,BSN Leukosan,2
BSN Medical Solutions,BSN Dynacast,2
BSN Medical Solutions,BSN Fixomull,2
BSN Medical Solutions,BSN Soffban,2
BSN Medical Solutions,BSN Hypafix,2
BSN Medical Solutions,BSN Delta Terry,1
BSN Medical Solutions,BSN Multisorb,1
BSN Medical Solutions,BSN Delta-Rol,1
BSN Medical Solutions,BSN Delta Cast,1
BSN Medical Solutions,BSN Softivel,1
BSN Medical Solutions,BSN Tensocrepe,1
BSN Medical Solutions,BSN Delta Net,1
BSN Medical Solutions,BSN Cutisoft,1
Ethicon,(geen productlijn),260
Ethicon,Ethicon Ethilon,36
Ethicon,Ethicon PDS,20
Ethicon,Ethicon Prolene,20
Ethicon,Ethicon Monocryl,13
Ethicon,Ethicon Mersilene,10
Ethicon,Ethicon Spongostan,6
Ethicon,Ethicon Stratafix,5
Ethicon,Ethicon Proximate,5
Ethicon,Ethicon Ethibond,2
Ethicon,Ethicon Dermabond,1
Ethicon,Ethicon Ethiloop,1
Ethicon,Ethicon Bone Wax,1
B.Braun,(geen productlijn),110
B.Braun,B.Braun Aesculap,79
B.Braun,B.Braun Sterican,51
B.Braun,B.Braun Vasofix,18
B.Braun,B.Braun Meliseptol,10
B.Braun,B.Braun Pencan,8
B.Braun,B.Braun Discofix,8
B.Braun,B.Braun Perican,8
B.Braun,B.Braun Surecan,7
B.Braun,B.Braun Perfusor,7
B.Braun,B.Braun Stimuplex,6
B.Braun,B.Braun Injekt,6
B.Braun,B.Braun Perifix,5
B.Braun,B.Braun Omnifix,5
B.Braun,B.Braun Spinocan,4
B.Braun,B.Braun Ultraplex,4
B.Braun,B.Braun Intrafix,3
B.Braun,B.Braun Prontosan,3
B.Braun,B.Braun Vasco,3
B.Braun,B.Braun Paed,3
B.Braun,B.Braun Mini-Spike,2
B.Braun,B.Braun Omnican,2
B.Braun,B.Braun Combifix,2
B.Braun,B.Braun Uro-Tainer,2
B.Braun,B.Braun Combi Stopper,1
B.Braun,B.Braun Softasept,1
B.Braun,B.Braun Mini Plasco,1
B.Braun,B.Braun Ecotainer,1
B.Braun,B.Braun Cyto-set,1
B.Braun,B.Braun IN-stopper,1
B.Braun,B.Braun Histoacryl,1
B.Braun,B.Braun Infuvalve,1
Medipharchem,(geen productlijn),303
Medipharchem,Medipharchem Algerbrush,9
Maimed,(geen productlijn),283
3M Nederland,(geen productlijn),90
3M Nederland,3M Littmann,71
3M Nederland,3M Tegaderm,23
3M Nederland,3M Red-Dot,15
3M Nederland,3M Adaptic,12
3M Nederland,3M Scotchcast,10
3M Nederland,3M Transpore,9
3M Nederland,3M Micropore,6
3M Nederland,3M Cavilon,5
3M Nederland,3M Opticlude,5
3M Nederland,3M Steri-Drape,4
3M Nederland,3M Medipore,4
3M Nederland,3M Durapore,4
3M Nederland,3M Inadine,4
3M Nederland,3M Aura,3
3M Nederland,3M Clipper,3
3M Nederland,3M Microfoam,3
3M Nederland,3M Nu-Gel,3
3M Nederland,3M Precise Vista,1
3M Nederland,3M Blenderm,1
3M Nederland,3M EAR,1
3M Nederland,3M Coban,1
Plastimed,(geen productlijn),265
BD,(geen productlijn),111
BD,BD Yale,20
BD,BD Eclipse,16
BD,BD Vacutainer,16
BD,BD Venflon,16
BD,BD Microlance,13
BD,BD Emerald,10
BD,BD Plastipak,9
BD,BD Nexiva,5
BD,BD Insyte-W,5
BD,BD Microfine,4
BD,BD Posiflush,4
BD,BD Connecta Plus,3
BD,BD Microtainer,3
BD,BD Nokor Admix,2
BD,BD Neoflon,2
BD,BD Saf-T-Intima,1
BD,BD Vecafix,1
BD,Carefusion,1
Servoprax,Servocomfort,69
Servoprax,Servoprax DCT,35
Servoprax,Servoprax Mediware,35
Servoprax,Servoprax Neopoint,17
Servoprax,Servoprax Soft-Hand,8
Servoprax,Servoprax Alkotip,7
Servoprax,Servoprax Digitemp,6
Servoprax,Servoprax Medispat,5
Servoprax,Servoprax Servobox,4
Servoprax,Servoprax Lifeguard,3
Servoprax,Servoprax Meditip,3
Servoprax,Servoprax Servocare,3
Servoprax,Servoprax Cleartest,2
Servoprax,Servoprax Celltip,2
Servoprax,Servoprax Servotest,2
Servoprax,Servoprax Monoclix,2
Servoprax,Servoprax Dia-Clix,1
Servoprax,Servoprax Mediprick,1
Servoprax,Medicool,1
Servoprax,Servoprax Medistix,1
Servoprax,Servoprax Silcoat,1
Welch Allyn,(geen productlijn),177
Welch Allyn,Welch Allyn FlexiPort,8
Telic,Telic Blayco,55
Telic,Telic OXD,53
Telic,Telic Dormo,17
Telic,Telic Uman,9
Telic,Telic Transonic,8
Lohmann and Rauscher,(geen productlijn),51
Lohmann and Rauscher,Lohmann and Rauscher Suprasorb,7
Lohmann and Rauscher,Lohmann and Rauscher Elko Rosidal,7
Lohmann and Rauscher,Lohmann and Rauscher Curaplast,7
Lohmann and Rauscher,Lohmann and Rauscher Gazin,7
Lohmann and Rauscher,Lohmann and Rauscher Dauerbinde,7
Lohmann and Rauscher,Lohmann and Rauscher Vliwasoft,6
Lohmann and Rauscher,Lohmann and Rauscher Curapor,5
Lohmann and Rauscher,Lohmann and Rauscher Tricot,5
Lohmann and Rauscher,Lohmann and Rauscher Vliwazell,5
Lohmann and Rauscher,Lohmann and Rauscher Mollelast,4
Lohmann and Rauscher,Lohmann and Rauscher Pro-Optha,3
Lohmann and Rauscher,Lohmann and Rauscher Metalline,3
Lohmann and Rauscher,Lohmann and Rauscher Cellona,3
Lohmann and Rauscher,Lohmann and Rauscher Panelast,2
Lohmann and Rauscher,Lohmann and Rauscher Raucocel,2
Lohmann and Rauscher,Lohmann and Rauscher Curafix,2
Lohmann and Rauscher,Lohmann and Rauscher Komprex,2
Lohmann and Rauscher,Lohmann and Rauscher Haftan,2
Lohmann and Rauscher,Lohmann and Rauscher Curatest,1
Lohmann and Rauscher,Lohmann and Rauscher Zeletten,1
Molnlycke,(geen productlijn),76
Molnlycke,Molnlycke Mepitel,8
Molnlycke,Molnlycke Mesoft,6
Molnlycke,Molnlycke Mefix,5
Molnlycke,Molnlycke Tubifast,4
Molnlycke,Molnlycke Mepore,4
Molnlycke,Molnlycke Mesorb,3
Molnlycke,Molnlycke Tubinette,2
Terumo,(geen productlijn),91
Smith and Nephew,(geen productlijn),31
Smith and Nephew,Smith and Nephew Allevyn Gentle Border,12
Smith and Nephew,Smith and Nephew Opsite,11
Smith and Nephew,Smith and Nephew Rapid Rhino,11
Smith and Nephew,Smith and Nephew Leukostrip,7
Smith and Nephew,Smith and Nephew Primapore,4
Smith and Nephew,Smith and Nephew Cutiplast,4
Smith and Nephew,Smith and Nephew Melolin,3
Smith and Nephew,Smith and Nephew Jelonet,2
Smith and Nephew,Smith and Nephew Allevyn Adhesive,1
Smith and Nephew,Smith and Nephew Bactigras,1
Smith and Nephew,Smith and Nephew Cuticerin,1
Smith and Nephew,Smith and Nephew Remove,1
Smith and Nephew,Smith and Nephew Applica,1
Tork,(geen productlijn),90
Medtronic,(geen productlijn),61
Medtronic,Merocel,14
Medtronic,Covidien,13
Klinion,(geen productlijn),55
Klinion,Klinion Klinifix,9
Klinion,Klinion Klinigrip,4
Klinion,Klinion Kliniplast,3
Klinion,Klinion Kliniderm,3
Klinion,Klinion Klinipress,2
Klinion,Klinion Klinitulle,2
Klinion,Klinion Novopad,2
Klinion,Klinion Mesitran,2
Klinion,Klinion Exsupad,1
Klinion,Lohmann and Rauscher Tricot,1
Klinion,Klinion Kliniray,1
Klinion,Klinion Klinisoft,1
Chirana,(geen productlijn),81
Cardinal Health,(geen productlijn),63
Swann Morton,(geen productlijn),61
Bastos Viegas,(geen productlijn),46
Abbott,Roche,19
Abbott,(geen productlijn),8
Abbott,Abbott Freestyle,8
Abbott,Alere,2
Cederroth,(geen productlijn),34
Ansell,Ansell Gammex,13
Ansell,Ansell Nitra-Tex,6
Ansell,Bioclean,5
Ansell,Ansell PI Hybrid,4
Ansell,(geen productlijn),3
Ansell,Ansell Ethiparat,1
Ansell,Ansell Dermaprene,1
Omron,(geen productlijn),33
Stereinox,(geen productlijn),32
Convatec,(geen productlijn),27
Convatec,Unomedical,3
Convatec,Convatec CarboFlex,1
Ambu,(geen productlijn),19
Ambu,Ambu Blue Sensor,9
Ambu,Ambu AuraOnce,2
Noba,(geen productlijn),12
Noba,Noba Nobapad,5
Noba,Noba Nobahaft,5
Noba,Noba Rudavlies,4
Noba,Noba Nobatop,2
Noba,Noba Nobatub,2
Marchery und Nagel,(geen productlijn),29
Mediborgh,(geen productlijn),27
Nipro,(geen productlijn),27
Seirin,(geen productlijn),26
Mediq,Curion,21
Mediq,Surgipack,3
Intra,(geen productlijn),11
Intra,Intra Microseld,8
Intra,Intra Pneumocath,4
Intra,Intra Desilet,1
Schülke,Schülke Mikrozid,8
Schülke,(geen productlijn),8
Schülke,Schülke Desderman,3
Schülke,Schülke Sensiva,1
Schülke,Schülke Kodan,1
Chemodis,(geen productlijn),20
Hudson,(geen productlijn),19
Curetape,(geen productlijn),17
ADE,(geen productlijn),16
Intersurgical,(geen productlijn),13
Intersurgical,Intersurgical I-Gel,2
Intersurgical,Intersurgical Solus Satin,1
Codan,(geen productlijn),16
Huntleigh,(geen productlijn),15
Megro,Ratiomed,8
Megro,Safe-Box,6
Megro,Rappaport,1
HT One,(geen productlijn),14
Romed,(geen productlijn),14
Bandafix,(geen productlijn),13
KAI,(geen productlijn),13
Tena,(geen productlijn),13
Zepf,(geen productlijn),12
Minta,Minta Gabi,6
Minta,Minta Ryan,4
Minta,(geen productlijn),2
Heine,(geen productlijn),5
Heine,Heine All Spec,4
Heine,Heine Delta 30,2
Bayer,(geen productlijn),7
Bayer,Contour,4
Parker,Parker Aquasonic,7
Parker,Parker Aquagel,1
Parker,Parker Thermasonic,1
Parker,Parker Signa,1
Parker,Parker Eclipse,1
Sempermed,(geen productlijn),11
Hemocue,(geen productlijn),10
Medifridge,(geen productlijn),10
Promecon,Promecon SonoGuard,8
Promecon,Promecon Care Vis Vario,1
Serag Wiessner,(geen productlijn),9
Accu-Chek,(geen productlijn),8
Accu-Chek,Roche,1
Siemens,(geen productlijn),9
Cocune,(geen productlijn),8
Stiefel,(geen productlijn),8
Sharpsafe,(geen productlijn),7
Sol-Care,(geen productlijn),7
Sony,(geen productlijn),7
Mentho-10,(geen productlijn),7
Serres,(geen productlijn),6
Alsa,Alsatom,6
Curas,(geen productlijn),6
Askir,(geen productlijn),6
Braun,(geen productlijn),6
Söhngen,(geen productlijn),6
Betadine,(geen productlijn),6
Instramed,(geen productlijn),6
Smiths Medical,Smiths Medical Portex,5
Dahlhausen,(geen productlijn),4
Dahlhausen,Sanadep,1
Orion,Orion Quikread,4
Orion,Orion Uricult,1
Seca,(geen productlijn),5
Mitsubishi,(geen productlijn),5
Pajunk,(geen productlijn),5
Diatesse,(geen productlijn),5
Erbe,(geen productlijn),5
Novocal,(geen productlijn),5
CMT,(geen productlijn),5
Ascensia,(geen productlijn),2
Ascensia,Microlet,1
Ascensia,Contour,1
Duracell,(geen productlijn),4
Ophardt,(geen productlijn),4
Gima,(geen productlijn),4
MTS,(geen productlijn),4
Wellion,(geen productlijn),4
PCU,(geen productlijn),4
Fresenius,(geen productlijn),3
Drager,Drager Carestar,2
Drager,Drager Comfortstar,1
Emdamed,(geen productlijn),3
Riester,(geen productlijn),3
Varta,(geen productlijn),3
Mindray,(geen productlijn),3
Gojo,(geen productlijn),3
Prameta,(geen productlijn),3
Ecolab,Ecolab Spitacid,1
Ecolab,Ecolab Skinsept F,1
Ecolab,Ecolab Incidin,1
Van Heek,Van Heek Hekura,3
Menarini,Menarini Glucofix,3
Vacumed,(geen productlijn),3
Medinorm,(geen productlijn),2
Novo Nordisk,Novo Nordisk Novofine,2
Urgo,(geen productlijn),2
Avoca,(geen productlijn),2
Clinhand,(geen productlijn),2
Dettol,(geen productlijn),2
Histofreezer,(geen productlijn),2
Dr. Schumacher,Dr. Schumacher Cleanisept,2
Swaromed,(geen productlijn),2
SOL,(geen productlijn),2
Optilube,(geen productlijn),2
Orphi,(geen productlijn),2
ZJI,(geen productlijn),2
Prodimed,Prodimed Pleurocath,1
Prodimed,Prodimed Pipelle,1
Cetro,(geen productlijn),2
Bisanz,(geen productlijn),2
Cura Medical,Cura Medical Curaspon,2
Steriking,(geen productlijn),2
Plum,(geen productlijn),2
Merbach,(geen productlijn),2
Pelvitec,(geen productlijn),2
Clearline,(geen productlijn),2
Wilkinson,(geen productlijn),2
Vygon,Vygon Surflo,1
Barikos,(geen productlijn),1
Aviva,Roche,1
Azo,(geen productlijn),1
Boscarol,(geen productlijn),1
Clinical,(geen productlijn),1
Dermablade,(geen productlijn),1
Elma,(geen productlijn),1
Haeberle,(geen productlijn),1
Chempropack,(geen productlijn),1
Lofric,(geen productlijn),1
Bastos,(geen productlijn),1
Biosan,(geen productlijn),1
Diagramm Halbach,(geen productlijn),1
KD,(geen productlijn),1
Nonin,(geen productlijn),1
Cook Medical,Cook Medical Frova,1
Euromex,(geen productlijn),1
Qlicksmart,(geen productlijn),1
MWE Amnicator,(geen productlijn),1
Kuypers,(geen productlijn),1
Vitalograph,(geen productlijn),1
Dermalight,(geen productlijn),1
Pelican,(geen productlijn),1
Medical Dynamic,(geen productlijn),1
Contec,(geen productlijn),1
Liquiband,Liquiband Optima,1
Safebox,(geen productlijn),1
Ecolite,(geen productlijn),1
Burnshield,(geen productlijn),1
Medicon,(geen productlijn),1
Visiomed,(geen productlijn),1
Faroderm,(geen productlijn),1
Arion,Arion Swash,1
Kawe,(geen productlijn),1
Ri.Mos,(geen productlijn),1
AH,(geen productlijn),1
VSM,(geen productlijn),1
Septodry,(geen productlijn),1
Novum Pharma,(geen productlijn),1
Marena,Marena Mid-Neck,1